نام محصول,دسته بندی,رنگ,سایز,قیمت (تومان),جنس,برند,موجودی,مناسب فصل
تی شرت مردانه,تی شرت,آبی,مدیوم,250000,نخ,نایک,50,بهار و تابستان
تی شرت مردانه,تی شرت,مشکی,لارج,280000,نخ و پلی استر,آدیداس,40,بهار و تابستان
تی شرت مردانه,تی شرت,سفید,اسمال,230000,نخ,پوما,60,بهار و تابستان
تی شرت مردانه,تی شرت,خاکستری,اکسترا لارج,270000,نخ,ریباک,45,بهار و تابستان
شلوار جین زنانه,شلوار,مشکی,لارج,450000,جین,زارا,30,تمام فصول
شلوار جین زنانه,شلوار,آبی تیره,مدیوم,420000,جین,لیوایز,35,تمام فصول
شلوار جین زنانه,شلوار,خاکستری,اسمال,400000,جین,مانگو,25,تمام فصول
شلوار جین زنانه,شلوار,آبی روشن,اکسترا لارج,470000,جین,اچ اند ام,20,تمام فصول
کت مردانه,کت,خاکستری,لارج,1200000,پشم,هوگو باس,15,پاییز و زمستان
کت مردانه,کت,سرمه ای,مدیوم,1150000,پشم و پلی استر,زارا,20,پاییز و زمستان
کت مردانه,کت,مشکی,اکسترا لارج,1250000,پشم,مانگو,10,پاییز و زمستان
کت مردانه,کت,قهوه ای,اسمال,1100000,پشم,نایک,12,پاییز و زمستان
پیراهن زنانه,پیراهن,قرمز,اسمال,350000,ابریشم,مانگو,25,بهار و تابستان
پیراهن زنانه,پیراهن,سفید,مدیوم,320000,نخ,زارا,30,بهار و تابستان
پیراهن زنانه,پیراهن,آبی,لارج,360000,ابریشم,فوراور 21,20,بهار و تابستان
پیراهن زنانه,پیراهن,سبز,اکسترا اسمال,340000,نخ,اچ اند ام,28,بهار و تابستان
هودی unisex,هودی,سبز زیتونی,مدیوم,400000,نخ و پلی استر,آدیداس,40,پاییز و زمستان
هودی unisex,هودی,مشکی,لارج,420000,نخ,پوما,35,پاییز و زمستان
هودی unisex,هودی,خاکستری,اسمال,380000,پلی استر,نایک,45,پاییز و زمستان
هودی unisex,هودی,قرمز,اکسترا لارج,430000,نخ و پلی استر,ریباک,30,پاییز و زمستان
شال زنانه,شال,بنفش,یک سایز,150000,ویسکوز,محلی,60,تمام فصول
شال زنانه,شال,کرم,یک سایز,140000,نخ,محلی,65,تمام فصول
شال زنانه,شال,قرمز,یک سایز,160000,ابریشم,محلی,55,تمام فصول
شال زنانه,شال,آبی,یک سایز,145000,ویسکوز,محلی,70,تمام فصول
کفش ورزشی مردانه,کفش,سفید,42,800000,چرم مصنوعی,ریباک,20,تمام فصول
کفش ورزشی مردانه,کفش,مشکی,41,820000,مش,نایک,18,تمام فصول
کفش ورزشی مردانه,کفش,آبی,43,780000,چرم مصنوعی,آدیداس,22,تمام فصول
کفش ورزشی مردانه,کفش,خاکستری,40,790000,مش,پوما,25,تمام فصول
دامن زنانه,دامن,کرم,مدیوم,300000,نخ,اچ اند ام,35,بهار و تابستان
دامن زنانه,دامن,مشکی,اسمال,280000,نخ,زارا,40,بهار و تابستان
دامن زنانه,دامن,قرمز,لارج,320000,پلی استر,مانگو,30,بهار و تابستان
دامن زنانه,دامن,آبی,اکسترا اسمال,290000,نخ,فوراور 21,38,بهار و تابستان
ژاکت مردانه,ژاکت,سرمه ای,لارج,600000,پلی استر,پوما,25,پاییز و زمستان
ژاکت مردانه,ژاکت,مشکی,مدیوم,580000,نخ و پلی استر,نایک,30,پاییز و زمستان
ژاکت مردانه,ژاکت,قهوه ای,اکسترا لارج,620000,پشم,آدیداس,20,پاییز و زمستان
ژاکت مردانه,ژاکت,خاکستری,اسمال,590000,پلی استر,ریباک,28,پاییز و زمستان
بلوز زنانه,بلوز,زرد,اسمال,280000,نخ,فوراور 21,30,بهار و تابستان
بلوز زنانه,بلوز,سفید,مدیوم,270000,نخ,زارا,35,بهار و تابستان
بلوز زنانه,بلوز,صورتی,لارج,290000,ابریشم,مانگو,25,بهار و تابستان
بلوز زنانه,بلوز,آبی,اکسترا اسمال,275000,نخ,اچ اند ام,32,بهار و تابستان
شلوار کتان مردانه,شلوار,بژ,لارج,380000,کتان,لیوایز,20,تمام فصول
شلوار کتان مردانه,شلوار,خاکستری,مدیوم,360000,کتان,زارا,25,تمام فصول
شلوار کتان مردانه,شلوار,سرمه ای,اکسترا لارج,390000,کتان,اچ اند ام,18,تمام فصول
شلوار کتان مردانه,شلوار,مشکی,اسمال,370000,کتان,مانگو,22,تمام فصول
کاپشن زنانه,کاپشن,مشکی,مدیوم,950000,پلی استر,نورث فیس,10,زمستان
کاپشن زنانه,کاپشن,سبز تیره,لارج,970000,پلی استر,کولومبیا,12,زمستان
کاپشن زنانه,کاپشن,خاکستری,اسمال,930000,پشم و پلی استر,زارا,15,زمستان
کاپشن زنانه,کاپشن,آبی,اکسترا لارج,980000,پلی استر,مانگو,8,زمستان
کلاه unisex,کلاه,قرمز,یک سایز,120000,نخ,آدیداس,50,تمام فصول
کلاه unisex,کلاه,مشکی,یک سایز,115000,نخ,نایک,55,تمام فصول
کلاه unisex,کلاه,آبی,یک سایز,125000,پلی استر,پوما,45,تمام فصول
کلاه unisex,کلاه,خاکستری,یک سایز,110000,نخ,ریباک,60,تمام فصول
کفش کژوال زنانه,کفش,صورتی,38,650000,چرم مصنوعی,اسکیچرز,15,بهار و تابستان
کفش کژوال زنانه,کفش,سفید,37,630000,مش,آدیداس,18,بهار و تابستان
کفش کژوال زنانه,کفش,مشکی,39,660000,چرم مصنوعی,نایک,12,بهار و تابستان
کفش کژوال زنانه,کفش,خاکستری,36,640000,مش,پوما,20,بهار و تابستان
مانتو زنانه,مانتو,مشکی,مدیوم,500000,نخ,محلی,25,تمام فصول
مانتو زنانه,مانتو,کرم,لارج,480000,نخ و پلی استر,محلی,30,تمام فصول
مانتو زنانه,مانتو,آبی تیره,اسمال,520000,ویسکوز,محلی,20,تمام فصول
مانتو زنانه,مانتو,سبز,اکسترا لارج,490000,نخ,محلی,28,تمام فصول